dropout_mode,mse
permanent,2711605.01507286
intermittent,2805568.8807352427
