B_public,mse,violations
10.0,955157.9862542894,0
15.0,1525359.3781899048,0
20.0,1967888.400238679,0
40.0,3812916.3718556017,0
