mechanism,epsilon,mse
S2DP (Local),0.5,5620594.989805018
Central DP,0.5,1135.1772424108476
S2DP (Local),1.0,1449945.1007321533
Central DP,1.0,285.2546014039396
S2DP (Local),5.0,58454.470369062146
Central DP,5.0,11.483051524649053
