epsilon,auc
0.5,0.4850768766958094
2.0,0.5273182957393484
10.0,0.5358822940646583
inf,0.4725814536340852
