lambda,analytic_sensitivity,empirical_sensitivity
1e-07,930.4753459827264,26.122477271270398
1e-05,936.7520331958535,30.630209286203993
0.001,828.9573955338788,23.240878963162466
0.1,252.3647633005647,19.960368815649044
