error_dist,mse
student_t,1985444.5550974775
student_t,1951949.4093412186
student_t,1920611.9066154698
student_t,1903428.6683103608
student_t,1972348.12763867
student_t,1870590.993237044
student_t,1992107.26732815
student_t,1954964.655205189
student_t,2001470.579725649
student_t,1963365.7492696615
